open_price,high_price,low_price,close_price,min_volume,min_bb_u_1,min_bb_l_1,min_bb_u_2,min_bb_l_2,min_bb_u_3,min_bb_l_3,min_atr_18,min_atr_30,min_macd_s,min_macd_m,min_macd_l,min_rsi_9,min_rsi_14,min_sma3,min_sma5,min_sma8,min_sma10,min_sma12,min_sma15,min_sma30,min_sma35,min_sma40,min_sma45,min_sma50,min_sma60,min_sma75,min_sma200,hour_open,hour_high,hour_low,hour_close,hour_volume,hour_bb_u_1,hour_bb_l_1,hour_bb_u_2,hour_bb_l_2,hour_bb_u_3,hour_bb_l_3,hour_atr_18,hour_atr_30,hour_macd_s,hour_macd_m,hour_macd_l,hour_rsi_9,hour_rsi_14,hour_sma3,hour_sma5,hour_sma8,hour_sma10,hour_sma12,hour_sma15,hour_sma30,hour_sma35,hour_sma40,hour_sma45,hour_sma50,hour_sma60,hour_sma75,hour_sma200
0.143470048,0.143470048,0.142672729,0.143336213,0.004429771,0.143866092,0.143381827,0.144108224,0.143139695,0.144350357,0.142897562,0.00040865,0.000382653,-2.24E-05,1.95E-05,8.36E-05,0.465110593,0.465110593,0.14345676,0.143387279,0.143456641,0.14357987,0.143593918,0.143595152,0.143460177,0.14350864,0.143560316,0.143597683,0.143615179,0.143552074,0.143327847,0.14177182,0.206429873,0.20990027,0.206300172,0.209143969,0.003759757,0.208911991,0.205997919,0.210369027,0.204540883,0.211826063,0.203083847,0.002550568,0.002541306,0.000734038,0.00122564,0.001912377,0.590873986,0.590873986,0.207463981,0.207426123,0.207627752,0.207194588,0.207023755,0.207127166,0.206730758,0.206175728,0.205111298,0.203980147,0.203164003,0.20199745,0.201259345,0.207396212
0.143137832,0.143200478,0.143137832,0.143200478,9.48E-05,0.143853849,0.143339586,0.14411098,0.143082455,0.144368111,0.142825324,0.000396968,0.000376511,-4.31E-05,6.19E-06,7.21E-05,0.443529973,0.443529973,0.143340642,0.143342857,0.143381062,0.143492829,0.143535859,0.143575155,0.143450368,0.143488734,0.143539221,0.143596987,0.143610737,0.143559747,0.14334025,0.141785127,0.206429873,0.20990027,0.206300172,0.209143969,0.003759757,0.208911991,0.205997919,0.210369027,0.204540883,0.211826063,0.203083847,0.002550568,0.002541306,0.000734038,0.00122564,0.001912377,0.590873986,0.590873986,0.207463981,0.207426123,0.207627752,0.207194588,0.207023755,0.207127166,0.206730758,0.206175728,0.205111298,0.203980147,0.203164003,0.20199745,0.201259345,0.207396212
0.143199529,0.143199529,0.143194783,0.143194783,5.50E-05,0.143837263,0.143300075,0.144105857,0.143031481,0.144374451,0.142762887,0.000375231,0.000364151,-6.37E-05,-8.01E-06,5.97E-05,0.44260203,0.44260203,0.143243825,0.143353108,0.143352586,0.143404839,0.143516163,0.143560032,0.143456443,0.143468665,0.14351981,0.143586018,0.143606181,0.143567815,0.143350906,0.141801344,0.206429873,0.20990027,0.206300172,0.209143969,0.003759757,0.208911991,0.205997919,0.210369027,0.204540883,0.211826063,0.203083847,0.002550568,0.002541306,0.000734038,0.00122564,0.001912377,0.590873986,0.590873986,0.207463981,0.207426123,0.207627752,0.207194588,0.207023755,0.207127166,0.206730758,0.206175728,0.205111298,0.203980147,0.203164003,0.20199745,0.201259345,0.207396212
0.143191936,0.143191936,0.142947994,0.142947994,0.000695713,0.143822468,0.143231342,0.14411803,0.142935779,0.144413593,0.142640216,0.000368095,0.000360238,-9.12E-05,-2.59E-05,4.44E-05,0.403232492,0.403232492,0.143114419,0.143232941,0.143284956,0.143319127,0.143422589,0.143498018,0.143463752,0.143441545,0.143504931,0.143557036,0.143580401,0.143564603,0.143358411,0.141813603,0.206429873,0.20990027,0.206300172,0.209143969,0.003759757,0.208911991,0.205997919,0.210369027,0.204540883,0.211826063,0.203083847,0.002550568,0.002541306,0.000734038,0.00122564,0.001912377,0.590873986,0.590873986,0.207463981,0.207426123,0.207627752,0.207194588,0.207023755,0.207127166,0.206730758,0.206175728,0.205111298,0.203980147,0.203164003,0.20199745,0.201259345,0.207396212
0.143137832,0.143190037,0.143137832,0.143185291,0.001636575,0.143802905,0.143199459,0.144104628,0.142897735,0.144406351,0.142596012,0.000361092,0.000356299,-0.000110276,-4.14E-05,3.00E-05,0.453563748,0.453563748,0.143109356,0.143172952,0.143255294,0.143295397,0.143348473,0.143450558,0.14347954,0.143428175,0.143485046,0.143533686,0.143566163,0.143564872,0.143369827,0.141827323,0.206429873,0.20990027,0.206300172,0.209143969,0.003759757,0.208911991,0.205997919,0.210369027,0.204540883,0.211826063,0.203083847,0.002550568,0.002541306,0.000734038,0.00122564,0.001912377,0.590873986,0.590873986,0.207463981,0.207426123,0.207627752,0.207194588,0.207023755,0.207127166,0.206730758,0.206175728,0.205111298,0.203980147,0.203164003,0.20199745,0.201259345,0.207396212
0.143199529,0.143200478,0.143189088,0.143199529,0.001381655,0.14379103,0.143174505,0.144099292,0.142866243,0.144407554,0.142557981,0.000341875,0.000344928,-0.000122084,-5.42E-05,1.68E-05,0.456525493,0.456525493,0.143110938,0.143145615,0.143262294,0.143266447,0.143298008,0.143435118,0.143495803,0.143415239,0.143463262,0.143514238,0.143552476,0.143567514,0.143382039,0.141841234,0.206429873,0.20990027,0.206300172,0.209143969,0.003759757,0.208911991,0.205997919,0.210369027,0.204540883,0.211826063,0.203083847,0.002550568,0.002541306,0.000734038,0.00122564,0.001912377,0.590873986,0.590873986,0.207463981,0.207426123,0.207627752,0.207194588,0.207023755,0.207127166,0.206730758,0.206175728,0.205111298,0.203980147,0.203164003,0.20199745,0.201259345,0.207396212
0.143189088,0.143196682,0.143189088,0.143196682,3.21E-06,0.143782019,0.143153142,0.144096457,0.142838704,0.144410896,0.142524265,0.000323462,0.000333779,-0.000128444,-6.46E-05,4.89E-06,0.455993163,0.455993163,0.143193834,0.143144856,0.143218276,0.143243856,0.143279182,0.143376838,0.143483748,0.143406724,0.143445749,0.143495402,0.143551774,0.143570109,0.143393607,0.141855239,0.206429873,0.20990027,0.206300172,0.209143969,0.003759757,0.208911991,0.205997919,0.210369027,0.204540883,0.211826063,0.203083847,0.002550568,0.002541306,0.000734038,0.00122564,0.001912377,0.590873986,0.590873986,0.207463981,0.207426123,0.207627752,0.207194588,0.207023755,0.207127166,0.206730758,0.206175728,0.205111298,0.203980147,0.203164003,0.20199745,0.201259345,0.207396212
0.143190037,0.143291601,0.143190037,0.143291601,0.000339835,0.143777736,0.143144421,0.144094394,0.142827763,0.144411052,0.142511105,0.000311134,0.000326038,-0.000127142,-7.13E-05,-4.88E-06,0.4778494,0.4778494,0.14322927,0.143164219,0.143194071,0.143258664,0.143262729,0.143324632,0.143482546,0.143414697,0.143430609,0.1434803,0.143543838,0.143568163,0.14340539,0.141869871,0.206429873,0.20990027,0.206300172,0.209143969,0.003759757,0.208911991,0.205997919,0.210369027,0.204540883,0.211826063,0.203083847,0.002550568,0.002541306,0.000734038,0.00122564,0.001912377,0.590873986,0.590873986,0.207463981,0.207426123,0.207627752,0.207194588,0.207023755,0.207127166,0.206730758,0.206175728,0.205111298,0.203980147,0.203164003,0.20199745,0.201259345,0.207396212
0.143301093,0.143301093,0.143291601,0.143301093,0.000353982,0.143735571,0.143128875,0.144038918,0.142825528,0.144342266,0.14252218,0.000294377,0.000315487,-0.000120943,-7.50E-05,-1.28E-05,0.480098851,0.480098851,0.143263125,0.143234839,0.143189681,0.14323389,0.143252605,0.143291031,0.143494253,0.14343105,0.143415707,0.143474921,0.143524817,0.143560522,0.143417172,0.141884545,0.206429873,0.20990027,0.206300172,0.209143969,0.003759757,0.208911991,0.205997919,0.210369027,0.204540883,0.211826063,0.203083847,0.002550568,0.002541306,0.000734038,0.00122564,0.001912377,0.590873986,0.590873986,0.207463981,0.207426123,0.207627752,0.207194588,0.207023755,0.207127166,0.206730758,0.206175728,0.205111298,0.203980147,0.203164003,0.20199745,0.201259345,0.207396212
0.143300143,0.143301093,0.143300143,0.143300143,0.000149206,0.143687312,0.14311743,0.143972254,0.142832489,0.144257195,0.142547547,0.000278075,0.000305002,-0.000112155,-7.64E-05,-1.91E-05,0.479876215,0.479876215,0.143297612,0.143257809,0.143202139,0.143215381,0.143265656,0.143282868,0.143501403,0.143447864,0.14340688,0.143459797,0.143506099,0.143550413,0.143428917,0.141899262,0.206429873,0.20990027,0.206300172,0.209143969,0.003759757,0.208911991,0.205997919,0.210369027,0.204540883,0.211826063,0.203083847,0.002550568,0.002541306,0.000734038,0.00122564,0.001912377,0.590873986,0.590873986,0.207463981,0.207426123,0.207627752,0.207194588,0.207023755,0.207127166,0.206730758,0.206175728,0.205111298,0.203980147,0.203164003,0.20199745,0.201259345,0.207396212
0.143300143,0.143301093,0.143199529,0.143199529,0.000638977,0.143679015,0.143102567,0.14396724,0.142814342,0.144255464,0.142526118,0.000268269,0.000298221,-0.00010596,-7.78E-05,-2.51E-05,0.455750423,0.455750423,0.143266922,0.143257809,0.143202733,0.143201712,0.143236548,0.143263568,0.14348321,0.143461804,0.143395561,0.143440434,0.143488595,0.143546268,0.14343937,0.141913628,0.206429873,0.20990027,0.206300172,0.209143969,0.003759757,0.208911991,0.205997919,0.210369027,0.204540883,0.211826063,0.203083847,0.002550568,0.002541306,0.000734038,0.00122564,0.001912377,0.590873986,0.590873986,0.207463981,0.207426123,0.207627752,0.207194588,0.207023755,0.207127166,0.206730758,0.206175728,0.205111298,0.203980147,0.203164003,0.20199745,0.201259345,0.207396212
0.143299194,0.14338652,0.143299194,0.14338652,0.001374695,0.143599012,0.143114133,0.143841452,0.142871694,0.144083891,0.142629254,0.000263753,0.000294513,-9.41E-05,-7.59E-05,-2.88E-05,0.505507734,0.505507734,0.143295397,0.143295777,0.143257548,0.143220316,0.143228321,0.143261163,0.143471251,0.143456895,0.143392855,0.143429085,0.14347544,0.143545667,0.143452368,0.141929086,0.20948575,0.209913415,0.208222912,0.209110667,0.006498171,0.208972598,0.206001199,0.210458298,0.204515499,0.211943998,0.203029799,0.002502787,0.002512946,0.000768865,0.001197532,0.001882599,0.589637098,0.589637098,0.208312301,0.207812248,0.208127498,0.207561345,0.20724343,0.207275388,0.206960803,0.206352553,0.205442738,0.204281344,0.203476478,0.202218994,0.201440016,0.207257686
0.143422589,0.143635207,0.14338652,0.14338652,0.000427346,0.143500641,0.143143688,0.143679117,0.142965212,0.143857593,0.142786736,0.000262916,0.000292986,-8.00E-05,-7.20E-05,-3.08E-05,0.505507734,0.505507734,0.143324189,0.143314761,0.143282702,0.14323949,0.143232514,0.143277363,0.143458943,0.143458577,0.143402205,0.143417737,0.143463746,0.143545066,0.143465163,0.141944676,0.20948575,0.209913415,0.208222912,0.209110667,0.006498171,0.208972598,0.206001199,0.210458298,0.204515499,0.211943998,0.203029799,0.002502787,0.002512946,0.000768865,0.001197532,0.001882599,0.589637098,0.589637098,0.208312301,0.207812248,0.208127498,0.207561345,0.20724343,0.207275388,0.206960803,0.206352553,0.205442738,0.204281344,0.203476478,0.202218994,0.201440016,0.207257686
0.14338652,0.14338652,0.14338652,0.14338652,0.000145852,0.143442518,0.143159952,0.1435838,0.143018669,0.143725083,0.142877387,0.00024831,0.000283219,-6.55E-05,-6.67E-05,-3.15E-05,0.505507734,0.505507734,0.14338652,0.143331846,0.143306076,0.143283343,0.143248017,0.143266542,0.143445717,0.143471052,0.14341865,0.143406389,0.143460613,0.143530891,0.143473579,0.141960305,0.20948575,0.209913415,0.208222912,0.209110667,0.006498171,0.208972598,0.206001199,0.210458298,0.204515499,0.211943998,0.203029799,0.002502787,0.002512946,0.000768865,0.001197532,0.001882599,0.589637098,0.589637098,0.208312301,0.207812248,0.208127498,0.207561345,0.20724343,0.207275388,0.206960803,0.206352553,0.205442738,0.204281344,0.203476478,0.202218994,0.201440016,0.207257686
0.143387469,0.143387469,0.143387469,0.143387469,1.46E-05,0.143439455,0.143159503,0.14357943,0.143019527,0.143719406,0.142879552,0.000234568,0.00027381,-5.18E-05,-6.07E-05,-3.13E-05,0.505794188,0.505794188,0.143386836,0.143349311,0.143329924,0.14330356,0.143264074,0.143260024,0.143435308,0.143479676,0.143435545,0.143400483,0.143448748,0.143522396,0.14348216,0.141976019,0.20948575,0.209913415,0.208222912,0.209110667,0.006498171,0.208972598,0.206001199,0.210458298,0.204515499,0.211943998,0.203029799,0.002502787,0.002512946,0.000768865,0.001197532,0.001882599,0.589637098,0.589637098,0.208312301,0.207812248,0.208127498,0.207561345,0.20724343,0.207275388,0.206960803,0.206352553,0.205442738,0.204281344,0.203476478,0.202218994,0.201440016,0.207257686
0.143636157,0.143636157,0.143398859,0.143400757,0.000307499,0.143430306,0.143159824,0.143565547,0.143024584,0.143700788,0.142889343,0.000235352,0.000272973,-3.91E-05,-5.43E-05,-3.03E-05,0.510073155,0.510073155,0.143391582,0.143389557,0.143343569,0.143323683,0.143301804,0.143264327,0.143429739,0.143469831,0.143452773,0.143394894,0.143435346,0.143514344,0.143494525,0.141991908,0.20948575,0.209913415,0.208222912,0.209110667,0.006498171,0.208972598,0.206001199,0.210458298,0.204515499,0.211943998,0.203029799,0.002502787,0.002512946,0.000768865,0.001197532,0.001882599,0.589637098,0.589637098,0.208312301,0.207812248,0.208127498,0.207561345,0.20724343,0.207275388,0.206960803,0.206352553,0.205442738,0.204281344,0.203476478,0.202218994,0.201440016,0.207257686
0.143469099,0.143469099,0.143469099,0.143469099,1.46E-05,0.14343518,0.143159601,0.14357297,0.143021812,0.143710759,0.142884022,0.000226074,0.000266152,-2.52E-05,-4.67E-05,-2.80E-05,0.532491805,0.532491805,0.143419108,0.143406073,0.14336457,0.143350925,0.143325455,0.143282235,0.143428695,0.14346194,0.143450542,0.143394324,0.143426784,0.143518299,0.143504244,0.142008078,0.20948575,0.209913415,0.208222912,0.209110667,0.006498171,0.208972598,0.206001199,0.210458298,0.204515499,0.211943998,0.203029799,0.002502787,0.002512946,0.000768865,0.001197532,0.001882599,0.589637098,0.589637098,0.208312301,0.207812248,0.208127498,0.207561345,0.20724343,0.207275388,0.206960803,0.206352553,0.205442738,0.204281344,0.203476478,0.202218994,0.201440016,0.207257686
0.14338652,0.1437026,0.14338652,0.1437026,0.001454143,0.143484186,0.143166503,0.143643027,0.143007662,0.143801868,0.14284882,0.000231074,0.000267816,-3.29E-06,-3.49E-05,-2.27E-05,0.599862996,0.599862996,0.143524152,0.143469289,0.143414877,0.143392025,0.143367378,0.14331609,0.143438061,0.143460421,0.143459916,0.143409659,0.143422893,0.143518536,0.14351747,0.142024745,0.20948575,0.209913415,0.208222912,0.209110667,0.006498171,0.208972598,0.206001199,0.210458298,0.204515499,0.211943998,0.203029799,0.002502787,0.002512946,0.000768865,0.001197532,0.001882599,0.589637098,0.589637098,0.208312301,0.207812248,0.208127498,0.207561345,0.20724343,0.207275388,0.206960803,0.206352553,0.205442738,0.204281344,0.203476478,0.202218994,0.201440016,0.207257686
0.143684565,0.143685514,0.143679819,0.143679819,0.000293162,0.143502108,0.143161679,0.143672323,0.142991465,0.143842537,0.14282125,0.000219502,0.000259648,1.99E-05,-2.14E-05,-1.55E-05,0.590916116,0.590916116,0.143617173,0.143527949,0.143474913,0.143429898,0.143407639,0.143364878,0.143431448,0.143457465,0.143478164,0.143430794,0.143418545,0.143508997,0.143524658,0.142041299,0.20948575,0.209913415,0.208222912,0.209110667,0.006498171,0.208972598,0.206001199,0.210458298,0.204515499,0.211943998,0.203029799,0.002502787,0.002512946,0.000768865,0.001197532,0.001882599,0.589637098,0.589637098,0.208312301,0.207812248,0.208127498,0.207561345,0.20724343,0.207275388,0.206960803,0.206352553,0.205442738,0.204281344,0.203476478,0.202218994,0.201440016,0.207257686
0.143676972,0.143676972,0.143300143,0.143300143,0.000513544,0.143489259,0.14315602,0.143655878,0.1429894,0.143822498,0.142822781,0.000228401,0.000263649,2.73E-05,-1.36E-05,-1.12E-05,0.466131405,0.466131405,0.143560854,0.143510484,0.143464116,0.143429898,0.143408351,0.143372535,0.143411547,0.143446047,0.143483527,0.143443872,0.143411483,0.143493398,0.143526405,0.142055713,0.20948575,0.209913415,0.208222912,0.209110667,0.006498171,0.208972598,0.206001199,0.210458298,0.204515499,0.211943998,0.203029799,0.002502787,0.002512946,0.000768865,0.001197532,0.001882599,0.589637098,0.589637098,0.208312301,0.207812248,0.208127498,0.207561345,0.20724343,0.207275388,0.206960803,0.206352553,0.205442738,0.204281344,0.203476478,0.202218994,0.201440016,0.207257686
0.143663683,0.143664632,0.143654191,0.143654191,0.000409844,0.143520187,0.143156889,0.143701836,0.14297524,0.143883485,0.142793591,0.000235961,0.000267011,3.89E-05,-4.02E-06,-5.43E-06,0.559537995,0.559537995,0.143544718,0.143561171,0.143497575,0.143475364,0.143437776,0.143402846,0.143418982,0.143448515,0.143481249,0.143464817,0.143411521,0.14348639,0.143534581,0.142071569,0.20948575,0.209913415,0.208222912,0.209110667,0.006498171,0.208972598,0.206001199,0.210458298,0.204515499,0.211943998,0.203029799,0.002502787,0.002512946,0.000768865,0.001197532,0.001882599,0.589637098,0.589637098,0.208312301,0.207812248,0.208127498,0.207561345,0.20724343,0.207275388,0.206960803,0.206352553,0.205442738,0.204281344,0.203476478,0.202218994,0.201440016,0.207257686
0.143422589,0.143507067,0.143194783,0.143506118,0.001094468,0.143536067,0.143171573,0.143718314,0.142989326,0.143900561,0.142807079,0.000248375,0.000273424,4.59E-05,3.78E-06,-2.93E-07,0.518665517,0.518665517,0.143486817,0.143568574,0.143512525,0.143487324,0.14345494,0.143423475,0.143400156,0.143448678,0.143475269,0.143463657,0.143411749,0.14347742,0.143540782,0.14208668,0.20948575,0.209913415,0.208222912,0.209110667,0.006498171,0.208972598,0.206001199,0.210458298,0.204515499,0.211943998,0.203029799,0.002502787,0.002512946,0.000768865,0.001197532,0.001882599,0.589637098,0.589637098,0.208312301,0.207812248,0.208127498,0.207561345,0.20724343,0.207275388,0.206960803,0.206352553,0.205442738,0.204281344,0.203476478,0.202218994,0.201440016,0.207257686
0.143540288,0.143540288,0.143502321,0.143502321,2.92E-06,0.143550347,0.143188046,0.143731498,0.143006896,0.143912649,0.142825745,0.000236686,0.000265575,4.94E-05,1.00E-05,4.19E-06,0.517621437,0.517621437,0.14355421,0.143528518,0.143526881,0.143498904,0.143480173,0.143437523,0.143381078,0.143450983,0.143468933,0.143467538,0.143421545,0.143469605,0.143542035,0.142101587,0.20948575,0.209913415,0.208222912,0.209110667,0.006498171,0.208972598,0.206001199,0.210458298,0.204515499,0.211943998,0.203029799,0.002502787,0.002512946,0.000768865,0.001197532,0.001882599,0.589637098,0.589637098,0.208312301,0.207812248,0.208127498,0.207561345,0.20724343,0.207275388,0.206960803,0.206352553,0.205442738,0.204281344,0.203476478,0.202218994,0.201440016,0.207257686
0.143026777,0.143499473,0.142834091,0.142978368,0.00411193,0.143548423,0.143193008,0.143726131,0.1430153,0.143903838,0.142837593,0.00026066,0.000278997,3.11E-05,6.52E-06,2.84E-06,0.39842639,0.39842639,0.143328935,0.143388228,0.143474082,0.143458089,0.14344616,0.143416008,0.143353519,0.143425274,0.14344881,0.143468171,0.143426537,0.143460193,0.143531619,0.14211387,0.20948575,0.209913415,0.208222912,0.209110667,0.006498171,0.208972598,0.206001199,0.210458298,0.204515499,0.211943998,0.203029799,0.002502787,0.002512946,0.000768865,0.001197532,0.001882599,0.589637098,0.589637098,0.208312301,0.207812248,0.208127498,0.207561345,0.20724343,0.207275388,0.206960803,0.206352553,0.205442738,0.204281344,0.203476478,0.202218994,0.201440016,0.207257686
0.142978368,0.143229903,0.142908128,0.143229903,0.001386468,0.14354858,0.143197312,0.143724214,0.143021678,0.143899848,0.142846044,0.000264056,0.000280423,1.24E-05,1.13E-06,5.83E-08,0.462425785,0.462425785,0.143236864,0.14337418,0.143444183,0.143442332,0.143433109,0.143411325,0.143347097,0.143406209,0.143437064,0.143471377,0.143436903,0.143447679,0.143522595,0.142127149,0.20948575,0.209913415,0.208222912,0.209110667,0.006498171,0.208972598,0.206001199,0.210458298,0.204515499,0.211943998,0.203029799,0.002502787,0.002512946,0.000768865,0.001197532,0.001882599,0.589637098,0.589637098,0.208312301,0.207812248,0.208127498,0.207561345,0.20724343,0.207275388,0.206960803,0.206352553,0.205442738,0.204281344,0.203476478,0.202218994,0.201440016,0.207257686
0.143054303,0.143325771,0.142618625,0.142627168,0.000490062,0.143581676,0.14310698,0.143819023,0.142869633,0.144056371,0.142632285,0.000288672,0.000294647,-2.72E-05,-1.48E-05,-9.65E-06,0.36281887,0.36281887,0.142945146,0.143168775,0.143309754,0.143364973,0.14336983,0.143373168,0.143318368,0.143383238,0.143413548,0.143446529,0.143435213,0.143423617,0.143511648,0.142137134,0.20948575,0.209913415,0.208222912,0.209110667,0.006498171,0.208972598,0.206001199,0.210458298,0.204515499,0.211943998,0.203029799,0.002502787,0.002512946,0.000768865,0.001197532,0.001882599,0.589637098,0.589637098,0.208312301,0.207812248,0.208127498,0.207561345,0.20724343,0.207275388,0.206960803,0.206352553,0.205442738,0.204281344,0.203476478,0.202218994,0.201440016,0.207257686
0.142630015,0.143054303,0.142629066,0.143054303,0.001153688,0.143580928,0.14309349,0.143824647,0.142849771,0.144068366,0.142606052,0.000296364,0.000299063,-5.78E-05,-2.96E-05,-1.95E-05,0.452776082,0.452776082,0.142970458,0.143078413,0.143231564,0.143323493,0.143342066,0.14335102,0.143306092,0.143354193,0.143402395,0.143431174,0.143425133,0.143409569,0.143506738,0.142149255,0.20948575,0.209913415,0.208222912,0.209110667,0.006498171,0.208972598,0.206001199,0.210458298,0.204515499,0.211943998,0.203029799,0.002502787,0.002512946,0.000768865,0.001197532,0.001882599,0.589637098,0.589637098,0.208312301,0.207812248,0.208127498,0.207561345,0.20724343,0.207275388,0.206960803,0.206352553,0.205442738,0.204281344,0.203476478,0.202218994,0.201440016,0.207257686
0.143236548,0.143236548,0.142568318,0.142568318,4.52E-05,0.143596928,0.143005162,0.143892811,0.142709279,0.144188694,0.142413396,0.000317023,0.000311369,-9.85E-05,-5.07E-05,-3.39E-05,0.386002414,0.386002414,0.14274993,0.142891612,0.143140086,0.143210065,0.143272696,0.143296473,0.143286918,0.143311154,0.143381062,0.143404786,0.143409946,0.143387421,0.143495347,0.142158947,0.20948575,0.209913415,0.208222912,0.209110667,0.006498171,0.208972598,0.206001199,0.210458298,0.204515499,0.211943998,0.203029799,0.002502787,0.002512946,0.000768865,0.001197532,0.001882599,0.589637098,0.589637098,0.208312301,0.207812248,0.208127498,0.207561345,0.20724343,0.207275388,0.206960803,0.206352553,0.205442738,0.204281344,0.203476478,0.202218994,0.201440016,0.207257686
0.142574962,0.143342857,0.142574962,0.143342857,0.000363259,0.143599157,0.14300711,0.14389518,0.142711086,0.144191204,0.142415063,0.000342441,0.000326808,-0.000111331,-6.21E-05,-4.33E-05,0.510024949,0.510024949,0.142988493,0.14296451,0.143101169,0.143176369,0.143262176,0.143293562,0.143280052,0.143297947,0.143367678,0.143394999,0.143417805,0.143378183,0.143483426,0.142173844,0.20948575,0.209913415,0.208222912,0.209110667,0.006498171,0.208972598,0.206001199,0.210458298,0.204515499,0.211943998,0.203029799,0.002502787,0.002512946,0.000768865,0.001197532,0.001882599,0.589637098,0.589637098,0.208312301,0.207812248,0.208127498,0.207561345,0.20724343,0.207275388,0.206960803,0.206352553,0.205442738,0.204281344,0.203476478,0.202218994,0.201440016,0.207257686
0.142614828,0.143329568,0.142614828,0.142620523,0.000414219,0.143600472,0.142937833,0.143931791,0.142606514,0.14426311,0.142275194,0.000363862,0.000340182,-0.000134778,-7.82E-05,-5.60E-05,0.424007483,0.424007483,0.142843899,0.142842634,0.14299047,0.143108407,0.143172003,0.143242433,0.143251228,0.14327503,0.143335762,0.143371016,0.143408503,0.143360971,0.143466403,0.142183796,0.20948575,0.209913415,0.208222912,0.209110667,0.006498171,0.208972598,0.206001199,0.210458298,0.204515499,0.211943998,0.203029799,0.002502787,0.002512946,0.000768865,0.001197532,0.001882599,0.589637098,0.589637098,0.208312301,0.207812248,0.208127498,0.207561345,0.20724343,0.207275388,0.206960803,0.206352553,0.205442738,0.204281344,0.203476478,0.202218994,0.201440016,0.207257686
0.142947994,0.143312483,0.142947994,0.143312483,5.80E-05,0.143605847,0.142943753,0.143936894,0.142612706,0.144267941,0.142281659,0.00038209,0.000351908,-0.000135005,-8.52E-05,-6.36E-05,0.509371619,0.509371619,0.143091954,0.142979697,0.14296674,0.143074236,0.143141391,0.143236548,0.143250437,0.143269986,0.143332795,0.143365342,0.143399846,0.143355307,0.143458785,0.142196985,0.20948575,0.209913415,0.208222912,0.209110667,0.006498171,0.208972598,0.206001199,0.210458298,0.204515499,0.211943998,0.203029799,0.002502787,0.002512946,0.000768865,0.001197532,0.001882599,0.589637098,0.589637098,0.208312301,0.207812248,0.208127498,0.207561345,0.20724343,0.207275388,0.206960803,0.206352553,0.205442738,0.204281344,0.203476478,0.202218994,0.201440016,0.207257686
0.143309635,0.143619071,0.143307737,0.143619071,0.003093519,0.143625189,0.142947667,0.14396395,0.142608906,0.144302711,0.142270145,0.000378159,0.000350555,-0.000111111,-8.10E-05,-6.44E-05,0.541775469,0.541775469,0.143184026,0.14309265,0.143046828,0.143085531,0.143167969,0.143246546,0.143264391,0.1432756,0.1433215,0.143367979,0.143397321,0.143357379,0.143463948,0.14221193,0.20948575,0.209913415,0.208222912,0.209110667,0.006498171,0.208972598,0.206001199,0.210458298,0.204515499,0.211943998,0.203029799,0.002502787,0.002512946,0.000768865,0.001197532,0.001882599,0.589637098,0.589637098,0.208312301,0.207812248,0.208127498,0.207561345,0.20724343,0.207275388,0.206960803,0.206352553,0.205442738,0.204281344,0.203476478,0.202218994,0.201440016,0.207257686
0.143705447,0.143710193,0.143705447,0.143707346,1.90E-05,0.143652982,0.142951956,0.144003495,0.142601443,0.144354008,0.14225093,0.000362213,0.000341908,-7.32E-05,-6.85E-05,-5.95E-05,0.550971138,0.550971138,0.1435463,0.143320456,0.143106509,0.143106034,0.143172398,0.143246862,0.143281476,0.143291709,0.143312317,0.143374328,0.143396353,0.14336896,0.143464201,0.142227136,0.20948575,0.209913415,0.208222912,0.209110667,0.006498171,0.208972598,0.206001199,0.210458298,0.204515499,0.211943998,0.203029799,0.002502787,0.002512946,0.000768865,0.001197532,0.001882599,0.589637098,0.589637098,0.208312301,0.207812248,0.208127498,0.207561345,0.20724343,0.207275388,0.206960803,0.206352553,0.205442738,0.204281344,0.203476478,0.202218994,0.201440016,0.207257686
0.143707346,0.143710193,0.143619071,0.143619071,0.000140018,0.143671004,0.142957189,0.144027911,0.142600282,0.144384818,0.142243375,0.000347152,0.000333548,-3.44E-05,-5.27E-05,-5.17E-05,0.539315591,0.539315591,0.143648496,0.143375699,0.143230497,0.143170104,0.143181811,0.143242812,0.143303845,0.143293716,0.143307666,0.143368569,0.143393069,0.143383799,0.14345576,0.142241915,0.20948575,0.209913415,0.208222912,0.209110667,0.006498171,0.208972598,0.206001199,0.210458298,0.204515499,0.211943998,0.203029799,0.002502787,0.002512946,0.000768865,0.001197532,0.001882599,0.589637098,0.589637098,0.208312301,0.207812248,0.208127498,0.207561345,0.20724343,0.207275388,0.206960803,0.206352553,0.205442738,0.204281344,0.203476478,0.202218994,0.201440016,0.207257686
0.143619071,0.143619071,0.143618122,0.143619071,0.001174399,0.143688485,0.142962868,0.144051294,0.14260006,0.144414102,0.142237251,0.000327919,0.000322462,1.31E-06,-3.54E-05,-4.21E-05,0.539315591,0.539315591,0.143648496,0.143575408,0.143301093,0.143209021,0.14319154,0.143264074,0.143318304,0.14329754,0.143312578,0.143362389,0.143391455,0.143398922,0.143447534,0.14225902,0.20948575,0.209913415,0.208222912,0.209110667,0.006498171,0.208972598,0.206001199,0.210458298,0.204515499,0.211943998,0.203029799,0.002502787,0.002512946,0.000768865,0.001197532,0.001882599,0.589637098,0.589637098,0.208312301,0.207812248,0.208127498,0.207561345,0.20724343,0.207275388,0.206960803,0.206352553,0.205442738,0.204281344,0.203476478,0.202218994,0.201440016,0.207257686
0.143698803,0.143705447,0.14362002,0.14362002,0.000340126,0.143704824,0.142968455,0.144073009,0.142600271,0.144441193,0.142232086,0.0003145,0.000314592,3.21E-05,-1.81E-05,-3.16E-05,0.539437092,0.539437092,0.143619388,0.143636916,0.143432555,0.143308306,0.143245011,0.143261796,0.143332321,0.143305649,0.143315852,0.143366587,0.1433925,0.143414062,0.143441471,0.142276698,0.20948575,0.209913415,0.208222912,0.209110667,0.006498171,0.208972598,0.206001199,0.210458298,0.204515499,0.211943998,0.203029799,0.002502787,0.002512946,0.000768865,0.001197532,0.001882599,0.589637098,0.589637098,0.208312301,0.207812248,0.208127498,0.207561345,0.20724343,0.207275388,0.206960803,0.206352553,0.205442738,0.204281344,0.203476478,0.202218994,0.201440016,0.207257686
0.143619071,0.143619071,0.143619071,0.143619071,2.92E-06,0.143716448,0.142971828,0.144088758,0.142599518,0.144461068,0.142227208,0.00029708,0.000304137,5.73E-05,-1.68E-06,-2.08E-05,0.53928392,0.53928392,0.143619388,0.143636916,0.143467082,0.143364783,0.143277442,0.143269326,0.143346401,0.143317608,0.143320764,0.143356546,0.143394872,0.143415074,0.143435802,0.142291852,0.20948575,0.209913415,0.208222912,0.209110667,0.006498171,0.208972598,0.206001199,0.210458298,0.204515499,0.211943998,0.203029799,0.002502787,0.002512946,0.000768865,0.001197532,0.001882599,0.589637098,0.589637098,0.208312301,0.207812248,0.208127498,0.207561345,0.20724343,0.207275388,0.206960803,0.206352553,0.205442738,0.204281344,0.203476478,0.202218994,0.201440016,0.207257686
0.143698803,0.143705447,0.14332767,0.14332767,0.001678551,0.143688506,0.142962277,0.144051621,0.142599163,0.144414735,0.142236048,0.000301563,0.000306592,6.60E-05,8.74E-06,-1.30E-05,0.493002256,0.493002256,0.143522254,0.143560981,0.143555475,0.143440718,0.143335817,0.143257683,0.143347603,0.143321405,0.143325368,0.143339946,0.143392993,0.143415074,0.143427221,0.142305753,0.20948575,0.209913415,0.208222912,0.209110667,0.006498171,0.208972598,0.206001199,0.210458298,0.204515499,0.211943998,0.203029799,0.002502787,0.002512946,0.000768865,0.001197532,0.001882599,0.589637098,0.589637098,0.208312301,0.207812248,0.208127498,0.207561345,0.20724343,0.207275388,0.206960803,0.206352553,0.205442738,0.204281344,0.203476478,0.202218994,0.201440016,0.207257686
0.14332767,0.143422589,0.143312483,0.14342069,0.000882795,0.143667199,0.142957671,0.144021963,0.142602908,0.144376727,0.142248144,0.000290927,0.000300042,6.85E-05,1.63E-05,-6.62E-06,0.507531478,0.507531478,0.14345581,0.143521305,0.143569001,0.143448502,0.143366349,0.143287171,0.143351589,0.143334911,0.143322165,0.143331403,0.143383843,0.143422921,0.143425588,0.142320285,0.20948575,0.209913415,0.208222912,0.209110667,0.006498171,0.208972598,0.206001199,0.210458298,0.204515499,0.211943998,0.203029799,0.002502787,0.002512946,0.000768865,0.001197532,0.001882599,0.589637098,0.589637098,0.208312301,0.207812248,0.208127498,0.207561345,0.20724343,0.207275388,0.206960803,0.206352553,0.205442738,0.204281344,0.203476478,0.202218994,0.201440016,0.207257686
0.143416894,0.14342069,0.143413097,0.143413097,0.000373381,0.143673505,0.142962661,0.144028926,0.14260724,0.144384348,0.142251818,0.000275186,0.000290294,6.70E-05,2.15E-05,-1.44E-06,0.506256052,0.506256052,0.143387152,0.14348011,0.143543255,0.143527759,0.143436748,0.143299384,0.143355355,0.14334142,0.143320361,0.143331192,0.143374161,0.143428379,0.14341802,0.142335586,0.20948575,0.209913415,0.208222912,0.209110667,0.006498171,0.208972598,0.206001199,0.210458298,0.204515499,0.211943998,0.203029799,0.002502787,0.002512946,0.000768865,0.001197532,0.001882599,0.589637098,0.589637098,0.208312301,0.207812248,0.208127498,0.207561345,0.20724343,0.207275388,0.206960803,0.206352553,0.205442738,0.204281344,0.203476478,0.202218994,0.201440016,0.207257686
0.1434093,0.143410249,0.143395062,0.143395062,0.000507564,0.143652696,0.142957557,0.144000266,0.142609987,0.144347835,0.142262418,0.0002609,0.000281219,6.24E-05,2.46E-05,2.56E-06,0.503022885,0.503022885,0.143409617,0.143435118,0.143504219,0.143536017,0.143441098,0.143350577,0.143361872,0.143347006,0.143321832,0.143329104,0.14337344,0.143422541,0.143409009,0.142349515,0.20948575,0.209913415,0.208222912,0.209110667,0.006498171,0.208972598,0.206001199,0.210458298,0.204515499,0.211943998,0.203029799,0.002502787,0.002512946,0.000768865,0.001197532,0.001882599,0.589637098,0.589637098,0.208312301,0.207812248,0.208127498,0.207561345,0.20724343,0.207275388,0.206960803,0.206352553,0.205442738,0.204281344,0.203476478,0.202218994,0.201440016,0.207257686
0.143395062,0.143396012,0.142909077,0.143393164,0.000204443,0.143644646,0.142954312,0.143989813,0.142609145,0.14433498,0.142263977,0.000273457,0.000288076,5.63E-05,2.62E-05,5.58E-06,0.502658976,0.502658976,0.143400441,0.143389937,0.143475981,0.143513426,0.143505485,0.143373168,0.143362094,0.14335262,0.143326649,0.14332845,0.143359885,0.143416672,0.143402289,0.142362809,0.20948575,0.209913415,0.208222912,0.209110667,0.006498171,0.208972598,0.206001199,0.210458298,0.204515499,0.211943998,0.203029799,0.002502787,0.002512946,0.000768865,0.001197532,0.001882599,0.589637098,0.589637098,0.208312301,0.207812248,0.208127498,0.207561345,0.20724343,0.207275388,0.206960803,0.206352553,0.205442738,0.204281344,0.203476478,0.202218994,0.201440016,0.207257686
0.143384621,0.143384621,0.142613879,0.142613879,0.000775373,0.143627363,0.14288275,0.14399967,0.142510444,0.144371976,0.142138137,0.000301559,0.00030445,2.07E-05,1.42E-05,4.22E-08,0.38085483,0.38085483,0.143134035,0.143247179,0.143350332,0.14340408,0.143447268,0.143376205,0.143336339,0.143333256,0.143312127,0.14331668,0.143330669,0.143397641,0.143385178,0.142371318,0.20948575,0.209913415,0.208222912,0.209110667,0.006498171,0.208972598,0.206001199,0.210458298,0.204515499,0.211943998,0.203029799,0.002502787,0.002512946,0.000768865,0.001197532,0.001882599,0.589637098,0.589637098,0.208312301,0.207812248,0.208127498,0.207561345,0.20724343,0.207275388,0.206960803,0.206352553,0.205442738,0.204281344,0.203476478,0.202218994,0.201440016,0.207257686
0.142617676,0.143707346,0.142617676,0.14369121,0.003336144,0.143668886,0.142912512,0.144047073,0.142534325,0.14442526,0.142156138,0.000345554,0.00033075,1.31E-05,1.15E-05,-3.93E-07,0.545002585,0.545002585,0.143232751,0.143301282,0.14335923,0.143411293,0.143453279,0.143399429,0.143346495,0.143344403,0.143330707,0.143319844,0.143328391,0.143396106,0.143382432,0.142385139,0.20948575,0.209913415,0.208222912,0.209110667,0.006498171,0.208972598,0.206001199,0.210458298,0.204515499,0.211943998,0.203029799,0.002502787,0.002512946,0.000768865,0.001197532,0.001882599,0.589637098,0.589637098,0.208312301,0.207812248,0.208127498,0.207561345,0.20724343,0.207275388,0.206960803,0.206352553,0.205442738,0.204281344,0.203476478,0.202218994,0.201440016,0.207257686
0.143679819,0.143686464,0.143423538,0.143423538,0.001820232,0.143679365,0.142921396,0.144058349,0.142542412,0.144437334,0.142163427,0.000341227,0.000328648,1.08E-05,1.04E-05,-1.64E-09,0.508901976,0.508901976,0.143242876,0.143303371,0.143334789,0.14339174,0.143429629,0.143452963,0.143347698,0.143347928,0.143336663,0.143318473,0.14332841,0.143391503,0.143379369,0.142397649,0.20948575,0.209913415,0.208222912,0.209110667,0.006498171,0.208972598,0.206001199,0.210458298,0.204515499,0.211943998,0.203029799,0.002502787,0.002512946,0.000768865,0.001197532,0.001882599,0.589637098,0.589637098,0.208312301,0.207812248,0.208127498,0.207561345,0.20724343,0.207275388,0.206960803,0.206352553,0.205442738,0.204281344,0.203476478,0.202218994,0.201440016,0.207257686
0.143423538,0.143423538,0.143422589,0.143422589,0.000524771,0.143686754,0.142993549,0.144033357,0.142646946,0.14437996,0.142300344,0.000322323,0.000317724,1.12E-05,1.05E-05,9.33E-07,0.508773277,0.508773277,0.143512445,0.143308876,0.143346654,0.143371997,0.143413255,0.143460303,0.143348425,0.143354301,0.14334224,0.143320393,0.143327081,0.143389082,0.143376306,0.142411735,0.20948575,0.209913415,0.208222912,0.209110667,0.006498171,0.208972598,0.206001199,0.210458298,0.204515499,0.211943998,0.203029799,0.002502787,0.002512946,0.000768865,0.001197532,0.001882599,0.589637098,0.589637098,0.208312301,0.207812248,0.208127498,0.207561345,0.20724343,0.207275388,0.206960803,0.206352553,0.205442738,0.204281344,0.203476478,0.202218994,0.201440016,0.207257686
0.143423538,0.143707346,0.143422589,0.143707346,0.002916192,0.143721693,0.143023915,0.144070581,0.142675026,0.14441947,0.142326138,0.000320236,0.000316625,2.35E-05,1.57E-05,5.06E-06,0.545877287,0.545877287,0.143517824,0.143371712,0.143382486,0.143380824,0.143420611,0.143466188,0.143356367,0.143363468,0.143355007,0.143331656,0.143332776,0.143392531,0.143379141,0.142425023,0.20948575,0.209913415,0.208222912,0.209110667,0.006498171,0.208972598,0.206001199,0.210458298,0.204515499,0.211943998,0.203029799,0.002502787,0.002512946,0.000768865,0.001197532,0.001882599,0.589637098,0.589637098,0.208312301,0.207812248,0.208127498,0.207561345,0.20724343,0.207275388,0.206960803,0.206352553,0.205442738,0.204281344,0.203476478,0.202218994,0.201440016,0.207257686
0.143425436,0.143895285,0.143425436,0.143801316,0.003854706,0.143742259,0.143126649,0.144050064,0.142818844,0.144357869,0.142511039,0.000328548,0.000321733,4.41E-05,2.53E-05,1.22E-05,0.557748812,0.557748812,0.14364375,0.1436092,0.143431013,0.143428189,0.143435719,0.143472453,0.143359658,0.143375319,0.143367749,0.143345135,0.143345932,0.143398859,0.143389658,0.142438867,0.20948575,0.209913415,0.208222912,0.209110667,0.006498171,0.208972598,0.206001199,0.210458298,0.204515499,0.211943998,0.203029799,0.002502787,0.002512946,0.000768865,0.001197532,0.001882599,0.589637098,0.589637098,0.208312301,0.207812248,0.208127498,0.207561345,0.20724343,0.207275388,0.206960803,0.206352553,0.205442738,0.204281344,0.203476478,0.202218994,0.201440016,0.207257686
0.14379657,0.144114548,0.143563069,0.144106006,0.005093251,0.143812343,0.14313288,0.144152074,0.142793148,0.144491806,0.142453417,0.000340933,0.000329391,7.81E-05,4.21E-05,2.41E-05,0.594741815,0.594741815,0.143871556,0.143692159,0.143519881,0.143496721,0.143476297,0.143504915,0.143373864,0.143395876,0.143387872,0.143370869,0.143357076,0.143402656,0.143408022,0.14245629,0.20948575,0.209913415,0.208222912,0.209110667,0.006498171,0.208972598,0.206001199,0.210458298,0.204515499,0.211943998,0.203029799,0.002502787,0.002512946,0.000768865,0.001197532,0.001882599,0.589637098,0.589637098,0.208312301,0.207812248,0.208127498,0.207561345,0.20724343,0.207275388,0.206960803,0.206352553,0.205442738,0.204281344,0.203476478,0.202218994,0.201440016,0.207257686
0.14407753,0.144133532,0.14364375,0.144133532,0.001936592,0.143856859,0.143239664,0.144165457,0.142931066,0.144474055,0.142622468,0.000349202,0.000334737,0.000116355,6.27E-05,3.92E-05,0.598013263,0.598013263,0.144013618,0.143834158,0.143612427,0.143568764,0.143543452,0.143539213,0.143401643,0.143417192,0.143408707,0.143391941,0.143370042,0.143406595,0.14342698,0.14247385,0.20948575,0.209913415,0.208222912,0.209110667,0.006498171,0.208972598,0.206001199,0.210458298,0.204515499,0.211943998,0.203029799,0.002502787,0.002512946,0.000768865,0.001197532,0.001882599,0.589637098,0.589637098,0.208312301,0.207812248,0.208127498,0.207561345,0.20724343,0.207275388,0.206960803,0.206352553,0.205442738,0.204281344,0.203476478,0.202218994,0.201440016,0.207257686
0.144132583,0.144133532,0.144132583,0.144133532,0.000291704,0.143917788,0.143260841,0.144246261,0.142932367,0.144574735,0.142603894,0.000329855,0.000323611,0.000152544,8.46E-05,5.59E-05,0.598013263,0.598013263,0.144124357,0.143976346,0.143802383,0.143642611,0.143602856,0.143573447,0.143417621,0.143438128,0.143432057,0.143412696,0.143385988,0.143418302,0.143445939,0.142489673,0.20948575,0.209913415,0.208222912,0.209110667,0.006498171,0.208972598,0.206001199,0.210458298,0.204515499,0.211943998,0.203029799,0.002502787,0.002512946,0.000768865,0.001197532,0.001882599,0.589637098,0.589637098,0.208312301,0.207812248,0.208127498,0.207561345,0.20724343,0.207275388,0.206960803,0.206352553,0.205442738,0.204281344,0.203476478,0.202218994,0.201440016,0.207257686
0.144110751,0.144111701,0.143436827,0.144096514,0.002648671,0.143959803,0.143266569,0.14430642,0.142919952,0.144653037,0.142573336,0.000350235,0.000336048,0.000182004,0.000105271,7.28E-05,0.590577576,0.590577576,0.144121193,0.14405418,0.143853046,0.143712946,0.143659807,0.143605276,0.143437301,0.143456055,0.143449807,0.143432692,0.143403909,0.143418729,0.143453115,0.142504907,0.20948575,0.209913415,0.208222912,0.209110667,0.006498171,0.208972598,0.206001199,0.210458298,0.204515499,0.211943998,0.203029799,0.002502787,0.002512946,0.000768865,0.001197532,0.001882599,0.589637098,0.589637098,0.208312301,0.207812248,0.208127498,0.207561345,0.20724343,0.207275388,0.206960803,0.206352553,0.205442738,0.204281344,0.203476478,0.202218994,0.201440016,0.207257686
0.144095564,0.144125939,0.144079428,0.144079428,0.002394888,0.143992654,0.143270926,0.144353519,0.142910062,0.144714383,0.142549198,0.000333362,0.000326396,0.00020355,0.000123639,8.90E-05,0.586950104,0.586950104,0.144103158,0.144109802,0.143935033,0.143859501,0.143716838,0.143655393,0.143456538,0.143466821,0.14346713,0.1434502,0.143421602,0.143418808,0.143463138,0.14252624,0.20948575,0.209913415,0.208222912,0.209110667,0.006498171,0.208972598,0.206001199,0.210458298,0.204515499,0.211943998,0.203029799,0.002502787,0.002512946,0.000768865,0.001197532,0.001882599,0.589637098,0.589637098,0.208312301,0.207812248,0.208127498,0.207561345,0.20724343,0.207275388,0.206960803,0.206352553,0.205442738,0.204281344,0.203476478,0.202218994,0.201440016,0.207257686
0.14407753,0.144078479,0.143489032,0.144076581,0.000889696,0.144028274,0.143281057,0.144401883,0.142907448,0.144775492,0.14253384,0.000347641,0.000335196,0.000217726,0.000139258,0.000103991,0.586303731,0.586303731,0.144084174,0.144103917,0.144016782,0.143898038,0.143773789,0.143699119,0.143493145,0.143478157,0.143484381,0.143467433,0.143444173,0.143423332,0.143478161,0.142543098,0.20948575,0.209913415,0.208222912,0.209110667,0.006498171,0.208972598,0.206001199,0.210458298,0.204515499,0.211943998,0.203029799,0.002502787,0.002512946,0.000768865,0.001197532,0.001882599,0.589637098,0.589637098,0.208312301,0.207812248,0.208127498,0.207561345,0.20724343,0.207275388,0.206960803,0.206352553,0.205442738,0.204281344,0.203476478,0.202218994,0.201440016,0.207257686
0.143428284,0.144023426,0.143345704,0.143987357,0.003224042,0.144053495,0.143292666,0.144433909,0.142912251,0.144814324,0.142531836,0.000368932,0.000348386,0.000222217,0.000150596,0.000116749,0.565297397,0.565297397,0.144047789,0.144074682,0.144051783,0.14395442,0.143888246,0.143737403,0.143518394,0.143497792,0.143499378,0.143482704,0.143460215,0.143432745,0.143490184,0.142559666,0.20948575,0.209913415,0.208222912,0.209110667,0.006498171,0.208972598,0.206001199,0.210458298,0.204515499,0.211943998,0.203029799,0.002502787,0.002512946,0.000768865,0.001197532,0.001882599,0.589637098,0.589637098,0.208312301,0.207812248,0.208127498,0.207561345,0.20724343,0.207275388,0.206960803,0.206352553,0.205442738,0.204281344,0.203476478,0.202218994,0.201440016,0.207257686
0.143963627,0.143963627,0.14394844,0.143951288,0.000350044,0.144074572,0.143304715,0.144459501,0.142919786,0.144844429,0.142534857,0.000350598,0.00033807,0.000218694,0.000157736,0.000127056,0.556615329,0.556615329,0.144005075,0.144038233,0.14407053,0.14400729,0.143909919,0.143774485,0.143562531,0.14350628,0.143513142,0.14349941,0.14347525,0.143440449,0.14349293,0.142576557,0.20948575,0.209913415,0.208222912,0.209110667,0.006498171,0.208972598,0.206001199,0.210458298,0.204515499,0.211943998,0.203029799,0.002502787,0.002512946,0.000768865,0.001197532,0.001882599,0.589637098,0.589637098,0.208312301,0.207812248,0.208127498,0.207561345,0.20724343,0.207275388,0.206960803,0.206352553,0.205442738,0.204281344,0.203476478,0.202218994,0.201440016,0.207257686
0.143430182,0.143946542,0.143430182,0.143946542,0.000306143,0.144094543,0.14331749,0.14448307,0.142928964,0.144871596,0.142540438,0.000360071,0.000344171,0.000209956,0.000161436,0.000135174,0.555406602,0.555406602,0.143961729,0.144008239,0.144050597,0.144031209,0.143953502,0.143811377,0.143592272,0.143518864,0.143525078,0.143511855,0.143490247,0.143449182,0.143495613,0.142593415,0.20948575,0.209913415,0.208222912,0.209110667,0.006498171,0.208972598,0.206001199,0.210458298,0.204515499,0.211943998,0.203029799,0.002502787,0.002512946,0.000768865,0.001197532,0.001882599,0.589637098,0.589637098,0.208312301,0.207812248,0.208127498,0.207561345,0.20724343,0.207275388,0.206960803,0.206352553,0.205442738,0.204281344,0.203476478,0.202218994,0.201440016,0.207257686
0.143459607,0.143838334,0.143326721,0.143813655,0.001938372,0.144109505,0.143351127,0.144488694,0.142971938,0.144867883,0.142592749,0.000374501,0.00035336,0.000193224,0.000160297,0.000140061,0.521273074,0.521273074,0.143903828,0.143955084,0.144010612,0.144032443,0.143986091,0.143891362,0.143633784,0.143527759,0.143527854,0.143521347,0.143500688,0.143460351,0.143496385,0.142610557,0.20948575,0.209913415,0.208222912,0.209110667,0.006498171,0.208972598,0.206001199,0.210458298,0.204515499,0.211943998,0.203029799,0.002502787,0.002512946,0.000768865,0.001197532,0.001882599,0.589637098,0.589637098,0.208312301,0.207812248,0.208127498,0.207561345,0.20724343,0.207275388,0.206960803,0.206352553,0.205442738,0.204281344,0.203476478,0.202218994,0.201440016,0.207257686
0.14332767,0.143788976,0.143135933,0.143135933,0.003207721,0.144111619,0.143320537,0.14450716,0.142924996,0.144902701,0.142529455,0.000391347,0.000364172,0.000147682,0.000145008,0.00013566,0.389725277,0.389725277,0.143632043,0.143766955,0.143885912,0.143935436,0.143938474,0.143854344,0.143626886,0.143532261,0.143514257,0.143515778,0.143497385,0.143453469,0.143487754,0.142624842,0.20948575,0.209913415,0.208222912,0.209110667,0.006498171,0.208972598,0.206001199,0.210458298,0.204515499,0.211943998,0.203029799,0.002502787,0.002512946,0.000768865,0.001197532,0.001882599,0.589637098,0.589637098,0.208312301,0.207812248,0.208127498,0.207561345,0.20724343,0.207275388,0.206960803,0.206352553,0.205442738,0.204281344,0.203476478,0.202218994,0.201440016,0.207257686
0.142970774,0.143699752,0.142663237,0.143669378,0.006144741,0.144118517,0.143339267,0.144508142,0.142949642,0.144897768,0.142560017,0.000427189,0.000386583,0.000110588,0.000129831,0.00013025,0.497267301,0.497267301,0.143539656,0.143703359,0.14383252,0.143889021,0.143927479,0.143870733,0.143661848,0.143544817,0.143523488,0.143522043,0.14350477,0.143456538,0.143487349,0.142642212,0.20948575,0.209913415,0.208222912,0.209110667,0.006498171,0.208972598,0.206001199,0.210458298,0.204515499,0.211943998,0.203029799,0.002502787,0.002512946,0.000768865,0.001197532,0.001882599,0.589637098,0.589637098,0.208312301,0.207812248,0.208127498,0.207561345,0.20724343,0.207275388,0.206960803,0.206352553,0.205442738,0.204281344,0.203476478,0.202218994,0.201440016,0.207257686
0.14365609,0.14365609,0.14362002,0.14362002,0.00087657,0.144123157,0.143357124,0.144506173,0.142974107,0.14488919,0.142591091,0.000406199,0.000375342,7.89E-05,0.000114437,0.000123705,0.488686363,0.488686363,0.143475111,0.143637106,0.143775094,0.14383767,0.14388698,0.143883895,0.143672099,0.143573185,0.143522633,0.143526915,0.14351318,0.143461268,0.143488045,0.142658391,0.20948575,0.209913415,0.208222912,0.209110667,0.006498171,0.208972598,0.206001199,0.210458298,0.204515499,0.211943998,0.203029799,0.002502787,0.002512946,0.000768865,0.001197532,0.001882599,0.589637098,0.589637098,0.208312301,0.207812248,0.208127498,0.207561345,0.20724343,0.207275388,0.206960803,0.206352553,0.205442738,0.204281344,0.203476478,0.202218994,0.201440016,0.207257686
0.143600087,0.143600087,0.143600087,0.143600087,1.60E-05,0.144126725,0.143374247,0.144502964,0.142998009,0.144879203,0.14262177,0.00038474,0.000363495,5.17E-05,9.91E-05,0.000116276,0.485046136,0.485046136,0.143629829,0.143567815,0.143715533,0.143788027,0.143842526,0.143876745,0.143671466,0.143588778,0.143524983,0.143529826,0.143517451,0.143467928,0.143489374,0.142675904,0.20948575,0.209913415,0.208222912,0.209110667,0.006498171,0.208972598,0.206001199,0.210458298,0.204515499,0.211943998,0.203029799,0.002502787,0.002512946,0.000768865,0.001197532,0.001882599,0.589637098,0.589637098,0.208312301,0.207812248,0.208127498,0.207561345,0.20724343,0.207275388,0.206960803,0.206352553,0.205442738,0.204281344,0.203476478,0.202218994,0.201440016,0.207257686
0.143417843,0.143417843,0.1434093,0.1434093,0.000654875,0.144075215,0.1435053,0.144360172,0.143220343,0.144645129,0.142935386,0.000373964,0.000357738,2.21E-05,8.14E-05,0.000106463,0.450458968,0.450458968,0.143543136,0.143486944,0.143643275,0.143721014,0.143782174,0.14385061,0.143661532,0.143612806,0.143522657,0.143523308,0.143517906,0.143471504,0.143489209,0.142692448,0.20948575,0.209913415,0.208222912,0.209110667,0.006498171,0.208972598,0.206001199,0.210458298,0.204515499,0.211943998,0.203029799,0.002502787,0.002512946,0.000768865,0.001197532,0.001882599,0.589637098,0.589637098,0.208312301,0.207812248,0.208127498,0.207561345,0.20724343,0.207275388,0.206960803,0.206352553,0.205442738,0.204281344,0.203476478,0.202218994,0.201440016,0.207257686
0.143417843,0.143418792,0.143417843,0.143417843,0.000263992,0.144072322,0.143480856,0.144368055,0.143185124,0.144663788,0.142889391,0.000353716,0.00034613,-5.83E-06,6.31E-05,9.53E-05,0.452342064,0.452342064,0.143475743,0.143543326,0.143576595,0.14365514,0.143725618,0.143804733,0.143654824,0.143614949,0.143533644,0.143517487,0.143518533,0.143479335,0.143483071,0.142709149,0.20948575,0.209913415,0.208222912,0.209110667,0.006498171,0.208972598,0.206001199,0.210458298,0.204515499,0.211943998,0.203029799,0.002502787,0.002512946,0.000768865,0.001197532,0.001882599,0.589637098,0.589637098,0.208312301,0.207812248,0.208127498,0.207561345,0.20724343,0.207275388,0.206960803,0.206352553,0.205442738,0.204281344,0.203476478,0.202218994,0.201440016,0.207257686
0.14342164,0.14342164,0.142818904,0.14342069,0.000125432,0.14407235,0.143480543,0.144368254,0.14318464,0.144664157,0.142888737,0.00036755,0.000354684,-3.01E-05,4.52E-05,8.36E-05,0.453014903,0.453014903,0.143415944,0.143493588,0.143510863,0.143598474,0.143670723,0.14375721,0.143648211,0.143637811,0.143538414,0.143520166,0.143519197,0.143483258,0.143476718,0.142728124,0.20948575,0.209913415,0.208222912,0.209110667,0.006498171,0.208972598,0.206001199,0.210458298,0.204515499,0.211943998,0.203029799,0.002502787,0.002512946,0.000768865,0.001197532,0.001882599,0.589637098,0.589637098,0.208312301,0.207812248,0.208127498,0.207561345,0.20724343,0.207275388,0.206960803,0.206352553,0.205442738,0.204281344,0.203476478,0.202218994,0.201440016,0.207257686
0.14342164,0.143422589,0.14342069,0.143422589,3.06E-05,0.14407235,0.143480543,0.144368254,0.14318464,0.144664157,0.142888737,0.000347236,0.000342924,-4.99E-05,2.85E-05,7.17E-05,0.453496949,0.453496949,0.143420374,0.143454102,0.14346198,0.143545604,0.143616224,0.143709814,0.14364163,0.143640957,0.143558299,0.143515019,0.143519634,0.143486976,0.143476604,0.142745684,0.20948575,0.209913415,0.208222912,0.209110667,0.006498171,0.208972598,0.206001199,0.210458298,0.204515499,0.211943998,0.203029799,0.002502787,0.002512946,0.000768865,0.001197532,0.001882599,0.589637098,0.589637098,0.208312301,0.207812248,0.208127498,0.207561345,0.20724343,0.207275388,0.206960803,0.206352553,0.205442738,0.204281344,0.203476478,0.202218994,0.201440016,0.207257686
0.14342164,0.143422589,0.14342069,0.143422589,0.001357159,0.144067787,0.143456631,0.144373366,0.143151052,0.144678944,0.142845474,0.000328051,0.000331557,-6.54E-05,1.33E-05,6.02E-05,0.453496949,0.453496949,0.143421956,0.143418602,0.143497812,0.143493209,0.14356916,0.143664885,0.143635081,0.143635343,0.143567506,0.143513163,0.143518704,0.143490741,0.14346796,0.142764193,0.20948575,0.209913415,0.208222912,0.209110667,0.006498171,0.208972598,0.206001199,0.210458298,0.204515499,0.211943998,0.203029799,0.002502787,0.002512946,0.000768865,0.001197532,0.001882599,0.589637098,0.589637098,0.208312301,0.207812248,0.208127498,0.207561345,0.20724343,0.207275388,0.206960803,0.206352553,0.205442738,0.204281344,0.203476478,0.202218994,0.201440016,0.207257686
0.143422589,0.143422589,0.14342069,0.14342164,0.00110264,0.144057455,0.143428995,0.144371686,0.143114765,0.144685916,0.142800534,0.000309931,0.000320568,-7.67E-05,-1.67E-07,4.91E-05,0.453265314,0.453265314,0.143422272,0.14342107,0.143466845,0.143454007,0.143525022,0.143621033,0.143638213,0.14362718,0.143588839,0.14351137,0.143513085,0.143492908,0.143459253,0.142781278,0.20948575,0.209913415,0.208222912,0.209110667,0.006498171,0.208972598,0.206001199,0.210458298,0.204515499,0.211943998,0.203029799,0.002502787,0.002512946,0.000768865,0.001197532,0.001882599,0.589637098,0.589637098,0.208312301,0.207812248,0.208127498,0.207561345,0.20724343,0.207275388,0.206960803,0.206352553,0.205442738,0.204281344,0.203476478,0.202218994,0.201440016,0.207257686
0.143422589,0.143422589,0.143422589,0.143422589,0.000314115,0.144019107,0.143399001,0.14432916,0.143088948,0.144639214,0.142778895,0.000292766,0.000309914,-8.45E-05,-1.18E-05,3.86E-05,0.453565888,0.453565888,0.143422272,0.143422019,0.143442166,0.143482673,0.143481359,0.143577433,0.143638276,0.143621566,0.143590833,0.143521241,0.14350794,0.143494933,0.143454153,0.142798459,0.20948575,0.209913415,0.208222912,0.209110667,0.006498171,0.208972598,0.206001199,0.210458298,0.204515499,0.211943998,0.203029799,0.002502787,0.002512946,0.000768865,0.001197532,0.001882599,0.589637098,0.589637098,0.208312301,0.207812248,0.208127498,0.207561345,0.20724343,0.207275388,0.206960803,0.206352553,0.205442738,0.204281344,0.203476478,0.202218994,0.201440016,0.207257686
0.143422589,0.143422589,0.14342069,0.14342069,0.00026545,0.143973431,0.143373394,0.144273449,0.143073375,0.144573468,0.142773356,0.000276606,0.000299647,-8.92E-05,-2.18E-05,2.89E-05,0.453029454,0.453029454,0.14342164,0.143422019,0.143419741,0.143457804,0.143448612,0.143539656,0.14363853,0.143615898,0.143610837,0.143525481,0.143510351,0.143496942,0.143454127,0.142818349,0.20948575,0.209913415,0.208222912,0.209110667,0.006498171,0.208972598,0.206001199,0.210458298,0.204515499,0.211943998,0.203029799,0.002502787,0.002512946,0.000768865,0.001197532,0.001882599,0.589637098,0.589637098,0.208312301,0.207812248,0.208127498,0.207561345,0.20724343,0.207275388,0.206960803,0.206352553,0.205442738,0.204281344,0.203476478,0.202218994,0.201440016,0.207257686
0.143422589,0.143422589,0.143422589,0.143422589,0.000293162,0.14392301,0.14335272,0.144208155,0.143067575,0.1444933,0.14278243,0.000261345,0.000289722,-9.13E-05,-3.00E-05,2.00E-05,0.453725234,0.453725234,0.143421956,0.143422019,0.143421402,0.143438061,0.1434725,0.143504409,0.143639447,0.143610257,0.14361359,0.143543157,0.143505719,0.14350066,0.143453241,0.142835909,0.20948575,0.209913415,0.208222912,0.209110667,0.006498171,0.208972598,0.206001199,0.210458298,0.204515499,0.211943998,0.203029799,0.002502787,0.002512946,0.000768865,0.001197532,0.001882599,0.589637098,0.589637098,0.208312301,0.207812248,0.208127498,0.207561345,0.20724343,0.207275388,0.206960803,0.206352553,0.205442738,0.204281344,0.203476478,0.202218994,0.201440016,0.207257686
0.143064744,0.143422589,0.143063795,0.143422589,0.004897707,0.143872444,0.143335894,0.144140719,0.143067619,0.144408994,0.142799344,0.000266759,0.000292024,-9.14E-05,-3.67E-05,1.20E-05,0.453725234,0.453725234,0.143421956,0.143422019,0.143421996,0.143420311,0.143451935,0.143469479,0.143640428,0.143604643,0.143608677,0.143551341,0.143504048,0.143501261,0.143453241,0.14285224,0.209143969,0.209800365,0.208355242,0.209143969,0.002925873,0.208973339,0.206001159,0.210459429,0.204515069,0.211945518,0.203028979,0.002444028,0.002477352,0.000818443,0.001182978,0.00186096,0.590560116,0.590560116,0.209132868,0.208129316,0.207964056,0.207927665,0.207516709,0.207386394,0.207212524,0.206492521,0.205793284,0.204620184,0.203741788,0.202438085,0.201605941,0.207117205
0.143422589,0.143517508,0.143422589,0.143470048,0.001097651,0.14381997,0.14332743,0.14406624,0.14308116,0.14431251,0.142834889,0.000257212,0.000285454,-8.82E-05,-4.12E-05,5.23E-06,0.473156426,0.473156426,0.143438409,0.143431701,0.143428165,0.143426386,0.143439437,0.143446572,0.143668967,0.143608711,0.143602745,0.14357138,0.143503403,0.143502653,0.143457595,0.142865063,0.209143969,0.209800365,0.208355242,0.209143969,0.002925873,0.208973339,0.206001159,0.210459429,0.204515069,0.211945518,0.203028979,0.002444028,0.002477352,0.000818443,0.001182978,0.00186096,0.590560116,0.590560116,0.209132868,0.208129316,0.207964056,0.207927665,0.207516709,0.207386394,0.207212524,0.206492521,0.205793284,0.204620184,0.203741788,0.202438085,0.201605941,0.207117205
0.143611478,0.143612427,0.143422589,0.143612427,0.002271002,0.143768531,0.143332453,0.14398657,0.143114415,0.144204609,0.142896376,0.000253469,0.000282267,-7.77E-05,-4.18E-05,1.01E-06,0.527460492,0.527460492,0.143501688,0.143469669,0.143451895,0.143445844,0.143440465,0.143478338,0.143666341,0.14361419,0.143602579,0.14357737,0.143516084,0.143506418,0.143458443,0.14288194,0.209143969,0.209800365,0.208355242,0.209143969,0.002925873,0.208973339,0.206001159,0.210459429,0.204515069,0.211945518,0.203028979,0.002444028,0.002477352,0.000818443,0.001182978,0.00186096,0.590560116,0.590560116,0.209132868,0.208129316,0.207964056,0.207927665,0.207516709,0.207386394,0.207212524,0.206492521,0.205793284,0.204620184,0.203741788,0.202438085,0.201605941,0.207117205
0.143612427,0.143897184,0.14343303,0.143679819,0.002276427,0.14373158,0.143338651,0.143928044,0.143142187,0.144124508,0.142945722,0.000265174,0.00028833,-6.16E-05,-3.87E-05,-6.79E-07,0.551049047,0.551049047,0.143587431,0.143521494,0.143484049,0.143471757,0.143463008,0.143479034,0.143674883,0.14362181,0.143604098,0.14360091,0.143525082,0.143511291,0.143461037,0.142896804,0.209143969,0.209800365,0.208355242,0.209143969,0.002925873,0.208973339,0.206001159,0.210459429,0.204515069,0.211945518,0.203028979,0.002444028,0.002477352,0.000818443,0.001182978,0.00186096,0.590560116,0.590560116,0.209132868,0.208129316,0.207964056,0.207927665,0.207516709,0.207386394,0.207212524,0.206492521,0.205793284,0.204620184,0.203741788,0.202438085,0.201605941,0.207117205
0.143679819,0.143896235,0.143516559,0.143788976,0.000589243,0.143708919,0.14334508,0.143890838,0.143163161,0.144072758,0.142981242,0.000271535,0.000291375,-3.96E-05,-3.16E-05,5.22E-07,0.587009675,0.587009675,0.143693741,0.143594772,0.143529966,0.143508396,0.143493936,0.143490298,0.143687096,0.143633065,0.143608322,0.143611499,0.143548319,0.143517761,0.143467074,0.142911474,0.209143969,0.209800365,0.208355242,0.209143969,0.002925873,0.208973339,0.206001159,0.210459429,0.204515069,0.211945518,0.203028979,0.002444028,0.002477352,0.000818443,0.001182978,0.00186096,0.590560116,0.590560116,0.209132868,0.208129316,0.207964056,0.207927665,0.207516709,0.207386394,0.207212524,0.206492521,0.205793284,0.204620184,0.203741788,0.202438085,0.201605941,0.207117205
0.143788976,0.143897184,0.143788976,0.143897184,0.001308719,0.143700996,0.143348068,0.14387746,0.143171603,0.144053924,0.142995139,0.000262461,0.000285269,-1.26E-05,-2.06E-05,4.74E-06,0.619542806,0.619542806,0.14378866,0.143689691,0.14358929,0.143555855,0.143533644,0.143510104,0.143693424,0.143647465,0.143615274,0.143617679,0.143565176,0.143524896,0.143476364,0.142926903,0.209143969,0.209800365,0.208355242,0.209143969,0.002925873,0.208973339,0.206001159,0.210459429,0.204515069,0.211945518,0.203028979,0.002444028,0.002477352,0.000818443,0.001182978,0.00186096,0.590560116,0.590560116,0.209132868,0.208129316,0.207964056,0.207927665,0.207516709,0.207386394,0.207212524,0.206492521,0.205793284,0.204620184,0.203741788,0.202438085,0.201605941,0.207117205
0.143897184,0.143897184,0.143897184,0.143897184,0.000631304,0.14371279,0.143344627,0.143896871,0.143160545,0.144080953,0.142976464,0.00024788,0.00027576,1.47E-05,-7.63E-06,1.09E-05,0.619542806,0.619542806,0.143861115,0.143775118,0.143648852,0.143603409,0.143573194,0.14354263,0.14369662,0.143684131,0.143629512,0.143621898,0.143591753,0.143528139,0.143485729,0.142942403,0.209143969,0.209800365,0.208355242,0.209143969,0.002925873,0.208973339,0.206001159,0.210459429,0.204515069,0.211945518,0.203028979,0.002444028,0.002477352,0.000818443,0.001182978,0.00186096,0.590560116,0.590560116,0.209132868,0.208129316,0.207964056,0.207927665,0.207516709,0.207386394,0.207212524,0.206492521,0.205793284,0.204620184,0.203741788,0.202438085,0.201605941,0.207117205
0.143897184,0.144371779,0.143613376,0.144359439,0.005746566,0.143828496,0.143351271,0.144067108,0.143112659,0.14430572,0.142874047,0.000276242,0.000291848,5.66E-05,1.32E-05,2.27E-05,0.726345473,0.726345473,0.144051269,0.14392452,0.143765958,0.143697095,0.143651264,0.143605403,0.143705068,0.143703224,0.143652981,0.14363835,0.143612085,0.143539466,0.143504548,0.142960215,0.209143969,0.209800365,0.208355242,0.209143969,0.002925873,0.208973339,0.206001159,0.210459429,0.204515069,0.211945518,0.203028979,0.002444028,0.002477352,0.000818443,0.001182978,0.00186096,0.590560116,0.590560116,0.209132868,0.208129316,0.207964056,0.207927665,0.207516709,0.207386394,0.207212524,0.206492521,0.205793284,0.204620184,0.203741788,0.202438085,0.201605941,0.207117205
0.143630461,0.144793219,0.143630461,0.143710193,0.007770844,0.143831381,0.143352468,0.144070837,0.143113012,0.144310293,0.142873556,0.000325493,0.000320879,7.76E-05,2.76E-05,3.16E-05,0.509856395,0.509856395,0.143988939,0.143930595,0.143801909,0.143726045,0.143675311,0.143624703,0.143690956,0.143711414,0.143660408,0.143640375,0.143633878,0.1435463,0.143511547,0.142974922,0.209143969,0.209800365,0.208355242,0.209143969,0.002925873,0.208973339,0.206001159,0.210459429,0.204515069,0.211945518,0.203028979,0.002444028,0.002477352,0.000818443,0.001182978,0.00186096,0.590560116,0.590560116,0.209132868,0.208129316,0.207964056,0.207927665,0.207516709,0.207386394,0.207212524,0.206492521,0.205793284,0.204620184,0.203741788,0.202438085,0.201605941,0.207117205
0.143714939,0.144370829,0.143714939,0.14435849,0.003900955,0.14392094,0.143336756,0.144213031,0.143044664,0.144505123,0.142752572,0.000344112,0.000332204,0.000109467,4.74E-05,4.46E-05,0.628822591,0.628822591,0.144142708,0.144044498,0.143912964,0.143819635,0.143753302,0.143687096,0.143698455,0.143738154,0.143684494,0.143656786,0.143654799,0.143558038,0.143527,0.142992876,0.209143969,0.209800365,0.208355242,0.209143969,0.002925873,0.208973339,0.206001159,0.210459429,0.204515069,0.211945518,0.203028979,0.002444028,0.002477352,0.000818443,0.001182978,0.00186096,0.590560116,0.590560116,0.209132868,0.208129316,0.207964056,0.207927665,0.207516709,0.207386394,0.207212524,0.206492521,0.205793284,0.204620184,0.203741788,0.202438085,0.201605941,0.207117205
0.14435849,0.14435849,0.144344252,0.144344252,0.000320874,0.143996937,0.143335175,0.144327817,0.143004295,0.144658698,0.142673414,0.000325786,0.000321605,0.000142832,6.92E-05,5.98E-05,0.625233392,0.625233392,0.144137645,0.144133912,0.144004442,0.143911801,0.143830266,0.143748541,0.143706713,0.143756351,0.143708271,0.143672901,0.143669302,0.143572007,0.143542301,0.143010754,0.209143969,0.209800365,0.208355242,0.209143969,0.002925873,0.208973339,0.206001159,0.210459429,0.204515069,0.211945518,0.203028979,0.002444028,0.002477352,0.000818443,0.001182978,0.00186096,0.590560116,0.590560116,0.209132868,0.208129316,0.207964056,0.207927665,0.207516709,0.207386394,0.207212524,0.206492521,0.205793284,0.204620184,0.203741788,0.202438085,0.201605941,0.207117205
0.144274012,0.144274012,0.144248384,0.144248384,1.60E-05,0.144056408,0.143359613,0.144404806,0.143011215,0.144753203,0.142662817,0.000313013,0.00031408,0.000169422,8.95E-05,7.49E-05,0.600384129,0.600384129,0.144317042,0.144204152,0.144075513,0.143989635,0.143899082,0.143803657,0.143712345,0.143769124,0.143749134,0.143693361,0.143680123,0.143584442,0.143555058,0.143030265,0.209143969,0.209800365,0.208355242,0.209143969,0.002925873,0.208973339,0.206001159,0.210459429,0.204515069,0.211945518,0.203028979,0.002444028,0.002477352,0.000818443,0.001182978,0.00186096,0.590560116,0.590560116,0.209132868,0.208129316,0.207964056,0.207927665,0.207516709,0.207386394,0.207212524,0.206492521,0.205793284,0.204620184,0.203741788,0.202438085,0.201605941,0.207117205
0.144244587,0.144245536,0.143868708,0.144180992,0.001365174,0.144102399,0.143389936,0.14445863,0.143033705,0.144814861,0.142677474,0.000316716,0.000316267,0.000186549,0.000106411,8.88E-05,0.582847429,0.582847429,0.144257876,0.144168462,0.144124515,0.144046491,0.143962282,0.143854217,0.143715825,0.143771267,0.143761378,0.143710257,0.143691361,0.143604485,0.14356679,0.143047327,0.209143969,0.209800365,0.208355242,0.209143969,0.002925873,0.208973339,0.206001159,0.210459429,0.204515069,0.211945518,0.203028979,0.002444028,0.002477352,0.000818443,0.001182978,0.00186096,0.590560116,0.590560116,0.209132868,0.208129316,0.207964056,0.207927665,0.207516709,0.207386394,0.207212524,0.206492521,0.205793284,0.204620184,0.203741788,0.202438085,0.201605941,0.207117205
0.144133532,0.144371779,0.143895285,0.144371779,0.003215189,0.144166431,0.143421013,0.14453914,0.143048304,0.144911849,0.142675595,0.000325593,0.000321608,0.000203215,0.000123203,0.000103204,0.61695789,0.61695789,0.144267051,0.144300779,0.144183839,0.144115687,0.144037427,0.143917623,0.143728639,0.143778074,0.143785084,0.143731561,0.143706416,0.143623516,0.143581078,0.143065342,0.209143969,0.209800365,0.208355242,0.209143969,0.002925873,0.208973339,0.206001159,0.210459429,0.204515069,0.211945518,0.203028979,0.002444028,0.002477352,0.000818443,0.001182978,0.00186096,0.590560116,0.590560116,0.209132868,0.208129316,0.207964056,0.207927665,0.207516709,0.207386394,0.207212524,0.206492521,0.205793284,0.204620184,0.203741788,0.202438085,0.201605941,0.207117205
0.144371779,0.144758099,0.143927558,0.144758099,0.001460721,0.144277711,0.143443284,0.144694925,0.143026071,0.145112138,0.142608857,0.000353645,0.000338572,0.000231261,0.000144893,0.000121227,0.674922466,0.674922466,0.144436956,0.144380701,0.144291453,0.1442126,0.144132899,0.144006657,0.143755533,0.143795919,0.143818472,0.14376185,0.143729177,0.143659032,0.143601859,0.143086258,0.209143969,0.209800365,0.208355242,0.209143969,0.002925873,0.208973339,0.206001159,0.210459429,0.204515069,0.211945518,0.203028979,0.002444028,0.002477352,0.000818443,0.001182978,0.00186096,0.590560116,0.590560116,0.209132868,0.208129316,0.207964056,0.207927665,0.207516709,0.207386394,0.207212524,0.206492521,0.205793284,0.204620184,0.203741788,0.202438085,0.201605941,0.207117205
0.144372728,0.144872951,0.144372728,0.144375575,0.006434987,0.144327043,0.143489251,0.144745939,0.143070355,0.145164834,0.142651459,0.000361789,0.000343961,0.000246985,0.000162084,0.000137188,0.58114547,0.58114547,0.144501818,0.144386966,0.144293471,0.144260439,0.144190879,0.144070189,0.143769834,0.143803892,0.143835178,0.143783682,0.143744307,0.143681053,0.143615047,0.14310415,0.209143969,0.209800365,0.208355242,0.209143969,0.002925873,0.208973339,0.206001159,0.210459429,0.204515069,0.211945518,0.203028979,0.002444028,0.002477352,0.000818443,0.001182978,0.00186096,0.590560116,0.590560116,0.209132868,0.208129316,0.207964056,0.207927665,0.207516709,0.207386394,0.207212524,0.206492521,0.205793284,0.204620184,0.203741788,0.202438085,0.201605941,0.207117205
0.144376525,0.144830237,0.144371779,0.144811254,0.005966656,0.144424385,0.143530871,0.144871141,0.143084114,0.145317898,0.142637357,0.000367159,0.000347777,0.00026966,0.000182135,0.000155433,0.642134843,0.642134843,0.144648309,0.14449954,0.144431103,0.144351846,0.144276069,0.144159603,0.143803087,0.143824801,0.143860426,0.143832512,0.143773979,0.143718435,0.143634043,0.143122445,0.209143969,0.209800365,0.208355242,0.209143969,0.002925873,0.208973339,0.206001159,0.210459429,0.204515069,0.211945518,0.203028979,0.002444028,0.002477352,0.000818443,0.001182978,0.00186096,0.590560116,0.590560116,0.209132868,0.208129316,0.207964056,0.207927665,0.207516709,0.207386394,0.207212524,0.206492521,0.205793284,0.204620184,0.203741788,0.202438085,0.201605941,0.207117205
0.144396458,0.144710639,0.144322421,0.14470969,0.001232625,0.144496782,0.143587183,0.144951582,0.143132384,0.145406381,0.142677584,0.000373919,0.000352479,0.00028846,0.000200892,0.000173465,0.619489411,0.619489411,0.144632173,0.144605279,0.144475003,0.144386871,0.144343778,0.144232754,0.143855546,0.14384289,0.143875518,0.143855145,0.143799759,0.143741216,0.143651685,0.143142013,0.209143969,0.209800365,0.208355242,0.209143969,0.002925873,0.208973339,0.206001159,0.210459429,0.204515069,0.211945518,0.203028979,0.002444028,0.002477352,0.000818443,0.001182978,0.00186096,0.590560116,0.590560116,0.209132868,0.208129316,0.207964056,0.207927665,0.207516709,0.207386394,0.207212524,0.206492521,0.205793284,0.204620184,0.203741788,0.202438085,0.201605941,0.207117205
0.144700198,0.144846374,0.144371779,0.144669824,0.004675721,0.144555384,0.143653495,0.145006328,0.143202551,0.145457272,0.142751606,0.000379512,0.00035655,0.000300364,0.00021676,0.000190186,0.610390026,0.610390026,0.144730256,0.144664889,0.1445157,0.144482834,0.144408164,0.144298754,0.143888894,0.143862389,0.143888926,0.14388284,0.143824893,0.143775371,0.143668783,0.14316141,0.209143969,0.209800365,0.208355242,0.209143969,0.002925873,0.208973339,0.206001159,0.210459429,0.204515069,0.211945518,0.203028979,0.002444028,0.002477352,0.000818443,0.001182978,0.00186096,0.590560116,0.590560116,0.209132868,0.208129316,0.207964056,0.207927665,0.207516709,0.207386394,0.207212524,0.206492521,0.205793284,0.204620184,0.203741788,0.202438085,0.201605941,0.207117205
0.144652739,0.144800813,0.14465179,0.144799863,0.004667261,0.144620006,0.1437266,0.145066708,0.143279898,0.145513411,0.142833195,0.000366707,0.000349632,0.000310714,0.000231567,0.000206568,0.629506788,0.629506788,0.144726459,0.144673241,0.144584635,0.144526971,0.144444866,0.144366147,0.143928222,0.143886634,0.143905584,0.143913447,0.143852989,0.143800161,0.143687438,0.143181542,0.209143969,0.209800365,0.208355242,0.209143969,0.002925873,0.208973339,0.206001159,0.210459429,0.204515069,0.211945518,0.203028979,0.002444028,0.002477352,0.000818443,0.001182978,0.00186096,0.590560116,0.590560116,0.209132868,0.208129316,0.207964056,0.207927665,0.207516709,0.207386394,0.207212524,0.206492521,0.205793284,0.204620184,0.203741788,0.202438085,0.201605941,0.207117205
0.144762845,0.144844475,0.144759997,0.144844475,0.006344558,0.144678948,0.143809847,0.145113498,0.143375297,0.145548048,0.142940747,0.000351028,0.000340794,0.00031917,0.000245117,0.000222418,0.63610345,0.63610345,0.144771388,0.144767021,0.14466757,0.144576994,0.14453939,0.1444293,0.143969702,0.143912289,0.143924283,0.143938716,0.143882016,0.143820584,0.143705776,0.143201983,0.209143969,0.209800365,0.208355242,0.209143969,0.002925873,0.208973339,0.206001159,0.210459429,0.204515069,0.211945518,0.203028979,0.002444028,0.002477352,0.000818443,0.001182978,0.00186096,0.590560116,0.590560116,0.209132868,0.208129316,0.207964056,0.207927665,0.207516709,0.207386394,0.207212524,0.206492521,0.205793284,0.204620184,0.203741788,0.202438085,0.201605941,0.207117205
0.144104107,0.144783727,0.144104107,0.144747658,0.003926334,0.144717467,0.143899089,0.145126657,0.143489899,0.145535846,0.14308071,0.000372658,0.000354113,0.000320434,0.000255065,0.000236189,0.610690668,0.610690668,0.144797332,0.144754302,0.144714555,0.144626921,0.14457182,0.144485998,0.144014314,0.143938975,0.143940989,0.143959746,0.143924691,0.143837923,0.143719711,0.143221849,0.209143969,0.209800365,0.208355242,0.209143969,0.002925873,0.208973339,0.206001159,0.210459429,0.204515069,0.211945518,0.203028979,0.002444028,0.002477352,0.000818443,0.001182978,0.00186096,0.590560116,0.590560116,0.209132868,0.208129316,0.207964056,0.207927665,0.207516709,0.207386394,0.207212524,0.206492521,0.205793284,0.204620184,0.203741788,0.202438085,0.201605941,0.207117205
0.144109802,0.144720131,0.144109802,0.144143973,0.001743762,0.144714156,0.143955555,0.145093456,0.143576254,0.145472757,0.143196953,0.000387391,0.000363571,0.000293627,0.00025202,0.000241811,0.481516129,0.481516129,0.144578702,0.144641159,0.144637789,0.144623219,0.144555131,0.144471633,0.144038518,0.143967776,0.143942674,0.14396059,0.143933747,0.143846671,0.143725899,0.143238731,0.209143969,0.209800365,0.208355242,0.209143969,0.002925873,0.208973339,0.206001159,0.210459429,0.204515069,0.211945518,0.203028979,0.002444028,0.002477352,0.000818443,0.001182978,0.00186096,0.590560116,0.590560116,0.209132868,0.208129316,0.207964056,0.207927665,0.207516709,0.207386394,0.207212524,0.206492521,0.205793284,0.204620184,0.203741788,0.202438085,0.201605941,0.207117205
0.144776134,0.144776134,0.14438222,0.144561617,0.000789642,0.144729719,0.144028171,0.145080493,0.143677397,0.145431267,0.143326623,0.000400989,0.000372524,0.000268746,0.000247082,0.000245608,0.55210161,0.55210161,0.144484416,0.144619517,0.144661044,0.144642203,0.144581233,0.144528395,0.144076549,0.143993269,0.14395703,0.143970103,0.143956508,0.14386238,0.143742719,0.143257691,0.209143969,0.209800365,0.208355242,0.209143969,0.002925873,0.208973339,0.206001159,0.210459429,0.204515069,0.211945518,0.203028979,0.002444028,0.002477352,0.000818443,0.001182978,0.00186096,0.590560116,0.590560116,0.209132868,0.208129316,0.207964056,0.207927665,0.207516709,0.207386394,0.207212524,0.206492521,0.205793284,0.204620184,0.203741788,0.202438085,0.201605941,0.207117205
0.144746709,0.144746709,0.144087022,0.144598635,0.00342577,0.144745639,0.144093217,0.14507185,0.143767006,0.145398061,0.143440795,0.000415361,0.000382096,0.000247041,0.000241242,0.000248157,0.55784739,0.55784739,0.144434742,0.144579272,0.144634467,0.144626256,0.144616037,0.144544405,0.144115751,0.144021229,0.143973214,0.143980438,0.143980029,0.14387869,0.143755312,0.14327686,0.209143969,0.209800365,0.208355242,0.209143969,0.002925873,0.208973339,0.206001159,0.210459429,0.204515069,0.211945518,0.203028979,0.002444028,0.002477352,0.000818443,0.001182978,0.00186096,0.590560116,0.590560116,0.209132868,0.208129316,0.207964056,0.207927665,0.207516709,0.207386394,0.207212524,0.206492521,0.205793284,0.204620184,0.203741788,0.202438085,0.201605941,0.207117205
0.144371779,0.144584397,0.144371779,0.144577753,0.000294621,0.144758206,0.144148707,0.145062955,0.143843958,0.145367704,0.143539209,0.000404889,0.000376921,0.000226827,0.00023426,0.00024931,0.553533627,0.553533627,0.144579335,0.144525927,0.144617975,0.144646474,0.144633201,0.144559971,0.144154256,0.144049163,0.143988994,0.143991132,0.143997437,0.143894668,0.1437696,0.143295924,0.209143969,0.209800365,0.208355242,0.209143969,0.002925873,0.208973339,0.206001159,0.210459429,0.204515069,0.211945518,0.203028979,0.002444028,0.002477352,0.000818443,0.001182978,0.00186096,0.590560116,0.590560116,0.209132868,0.208129316,0.207964056,0.207927665,0.207516709,0.207386394,0.207212524,0.206492521,0.205793284,0.204620184,0.203741788,0.202438085,0.201605941,0.207117205
0.144387915,0.14455782,0.144124989,0.144517005,0.001675284,0.14476129,0.144207605,0.145038132,0.143930763,0.145314974,0.143653921,0.000407548,0.000379449,0.000205735,0.000225426,0.000248614,0.540440875,0.540440875,0.144564464,0.144479796,0.144598872,0.144617049,0.14461311,0.144577879,0.144190768,0.144080811,0.144006578,0.144000856,0.144011751,0.143914491,0.143783129,0.143313242,0.209143969,0.209800365,0.208355242,0.209143969,0.002925873,0.208973339,0.206001159,0.210459429,0.204515069,0.211945518,0.203028979,0.002444028,0.002477352,0.000818443,0.001182978,0.00186096,0.590560116,0.590560116,0.209132868,0.208129316,0.207964056,0.207927665,0.207516709,0.207386394,0.207212524,0.206492521,0.205793284,0.204620184,0.203741788,0.202438085,0.201605941,0.207117205
0.144500869,0.144501818,0.144368931,0.14436988,0.000584355,0.144761585,0.144208354,0.145038201,0.143931738,0.145314816,0.143655123,0.000393133,0.000371737,0.000179539,0.000213033,0.000244956,0.509037717,0.509037717,0.144488213,0.144524978,0.144545124,0.144583068,0.144612636,0.144590472,0.144222345,0.144108012,0.144037427,0.144007374,0.144017028,0.14393031,0.143801683,0.143329867,0.209143969,0.209800365,0.208355242,0.209143969,0.002925873,0.208973339,0.206001159,0.210459429,0.204515069,0.211945518,0.203028979,0.002444028,0.002477352,0.000818443,0.001182978,0.00186096,0.590560116,0.590560116,0.209132868,0.208129316,0.207964056,0.207927665,0.207516709,0.207386394,0.207212524,0.206492521,0.205793284,0.204620184,0.203741788,0.202438085,0.201605941,0.207117205
0.14436988,0.144370829,0.144362287,0.144362287,0.000472881,0.144732497,0.144302652,0.14494742,0.144087729,0.145162342,0.143872806,0.000371767,0.00035963,0.00015188,0.000198451,0.000239073,0.507398948,0.507398948,0.144416391,0.144485112,0.144484851,0.144552315,0.144575222,0.144589839,0.144253731,0.144134915,0.144054749,0.144015706,0.144021604,0.14394613,0.143816781,0.143346454,0.209143969,0.209800365,0.208355242,0.209143969,0.002925873,0.208973339,0.206001159,0.210459429,0.204515069,0.211945518,0.203028979,0.002444028,0.002477352,0.000818443,0.001182978,0.00186096,0.590560116,0.590560116,0.209132868,0.208129316,0.207964056,0.207927665,0.207516709,0.207386394,0.207212524,0.206492521,0.205793284,0.204620184,0.203741788,0.202438085,0.201605941,0.207117205